,code,Area,Pct_Remain,Pct_Leave,Region,ResidentAge30to44share,ResidentAge45to59share,ResidentAge60plusshare,median_hourly_pay2005,median_hourly_pay_growth,umemployment_rate_aps,EU_2001Migrantshare,NONEU_2001Migrantshare,Leave?,Result
0,E06000001,Hartlepool,30.43,69.57,North East,0.22235388382932142,0.1868616763155816,0.2149055986277099,9.27,0.3419633225458468,10.1,0.004085271580277844,0.011939826883795466,1,leave
1,E06000002,Middlesbrough,34.52,65.48,North East,0.21642504912683994,0.175158503577917,0.19599569908420156,8.58,0.37762237762237766,12.1,0.006725742464128138,0.03264988320788995,1,leave
2,E06000003,Redcar and Cleveland,33.81,66.19,North East,0.21332978753989018,0.2019305407814162,0.22482965816634562,10.77,0.15970287836583108,8.3,0.005361814679584855,0.012858292844205503,1,leave
3,E06000004,Stockton-on-Tees,38.27,61.73,North East,0.2316544101161383,0.19216066544101162,0.19710999506748575,10.6,0.19433962264150947,6.8,0.005722837540917448,0.021843190888300973,1,leave
4,E06000005,Darlington,43.82,56.18,North East,0.2238496289785155,0.19542509045565118,0.22270487949467488,9.05,0.35359116022099435,6.6,0.009607718882233897,0.020574827776528547,1,leave
5,E06000006,Halton,42.58,57.42,North West,0.22151631023280996,0.20149228478613967,0.18179818624796967,9.35,0.2802139037433156,4.9,0.0047627910124526255,0.00955942068218733,1,leave
6,E06000007,Warrington,45.73,54.27,North West,0.24142244086246598,0.19626334519572955,0.1927831274858698,10.86,0.2661141804788214,4.3,0.007300607075570442,0.01948921917521457,1,leave
7,E06000008,Blackburn with Darwen,43.66,56.34,North West,0.2166945515385175,0.1713464755946752,0.1757838073761548,9.11,0.16026344676180032,7.6,0.007179748308721903,0.09603549865425183,1,leave
8,E06000009,Blackpool,32.54,67.46,North West,0.2120562540851683,0.19542742281228256,0.2554135068841675,8.49,0.18021201413427554,6.8,0.00865879971605884,0.01758467279998313,1,leave
9,E06000010,"Kingston upon Hull, City of",32.38,67.62,Yorkshire and The Humber,0.21851150914039633,0.16987630804346665,0.1988636596890664,8.36,0.32535885167464124,8.5,0.008493815402173333,0.019750481343574627,1,leave
10,E06000011,East Riding of Yorkshire,39.6,60.4,Yorkshire and The Humber,0.21133159086061384,0.21715433617838167,0.2423522744999411,11.07,0.1445347786811201,4.5,0.008315478824499463,0.01628394877002862,1,leave
11,E06000012,North East Lincolnshire,30.13,69.87,Yorkshire and The Humber,0.21747827242861392,0.18683495907683934,0.21691490641161168,8.96,0.2600446428571426,8.0,0.0071591793846017505,0.015881857715265953,1,leave
12,E06000013,North Lincolnshire,33.7,66.3,Yorkshire and The Humber,0.22124449620213413,0.2064455770073733,0.22184639742490955,10.76,0.20817843866171007,4.1,0.008779906967006654,0.021478714286648916,1,leave
13,E06000014,York,58.04,41.96,Yorkshire and The Humber,0.2204380045722111,0.18598628336664935,0.21790340927915888,10.6,0.17641509433962274,4.3,0.016041392867792416,0.030967342926877754,0,remain
14,E06000015,Derby,42.78,57.22,East Midlands,0.2194057048009093,0.17191531203204213,0.20816118498204847,10.75,0.2576744186046511,7.7,0.008732206325437062,0.06675898028036878,1,leave
15,E06000016,Leicester,51.08,48.92,East Midlands,0.21737204425534348,0.1554331400645182,0.17496365045852222,8.65,0.22196531791907512,9.4,0.011428224391881995,0.2103271994598476,0,remain
16,E06000017,Rutland,49.43,50.57,East Midlands,0.21262621878887827,0.21010907617972976,0.22315771200416631,10.91,0.25939505041246563,4.2,0.018921968579116395,0.03289644996094089,1,leave
17,E06000018,Nottingham,49.16,50.84,East Midlands,0.21458642335985137,0.1456245224504472,0.1836561942858855,9.55,0.1612565445026177,9.1,0.012996838809234872,0.07780499498104784,1,leave
18,E06000019,"Herefordshire, County of",40.78,59.22,West Midlands,0.2101320401896255,0.21076679380800706,0.24916080996849105,8.86,0.24943566591422134,4.0,0.009955910356777281,0.019420029621835526,1,leave
19,E06000020,Telford and Wrekin,36.78,63.22,West Midlands,0.23298278856781937,0.19476393494394442,0.1710405810832149,9.53,0.17943336831059822,5.6,0.01116690352123796,0.03470077372493289,1,leave
20,E06000021,Stoke-on-Trent,30.64,69.36,West Midlands,0.2172908459249655,0.18390432021808872,0.20998105021692515,8.93,0.18365061590145584,7.7,0.006250103891354577,0.02843714157482671,1,leave
21,E06000022,Bath and North East Somerset,57.85,42.15,South West,0.21132867960246096,0.195249645054425,0.22752602934216754,11.36,0.21478873239436633,4.2,0.017386417415996214,0.041623284429720776,0,remain
22,E06000023,"Bristol, City of",61.73,38.27,South West,0.22441574819699697,0.16489365894670469,0.19006344994285565,10.45,0.27177033492822966,5.2,0.016362991474324448,0.05770660641330478,0,remain
23,E06000024,North Somerset,47.83,52.17,South West,0.211143166245943,0.2150039243970217,0.24824993105789017,11.87,0.18955349620893008,3.6,0.009217029761778494,0.024028976899089963,1,leave
24,E06000025,South Gloucestershire,47.32,52.68,South West,0.2425897956774317,0.19672611656848815,0.19337162770058744,11.4,0.19035087719298244,3.1,0.008597913214813489,0.02456837417206411,1,leave
25,E06000026,Plymouth,40.06,59.94,South West,0.22207128614157529,0.18468344965104685,0.20810900631439017,9.34,0.34261241970021405,6.3,0.011149883682286473,0.027654536390827517,1,leave
26,E06000027,Torbay,36.84,63.16,South West,0.193314110372689,0.20362974727460564,0.2857847747983902,8.33,0.212484993997599,5.3,0.010832189721369867,0.022396805082262963,1,leave
27,E06000028,Bournemouth,45.12,54.88,South West,0.2052752012921857,0.17368028193142607,0.25690756467046816,9.36,0.29914529914529925,3.2,0.024179535498397003,0.048701695993734855,1,leave
28,E06000029,Poole,41.83,58.17,South West,0.21501504107370126,0.19528809441166262,0.25556085849820664,10.85,0.17235023041474665,3.5,0.014990454703228046,0.031369316209649424,1,leave
29,E06000030,Swindon,45.34,54.66,South West,0.25132323619418945,0.17834391366890492,0.1820539735963699,11.02,0.24954627949183303,4.2,0.01655642012540891,0.049180509966620566,1,leave
30,E06000031,Peterborough,39.11,60.89,East,0.22812233677856736,0.18160206585886288,0.18533137683341772,9.26,0.2516198704103672,5.4,0.019998590294820616,0.06988293039260289,1,leave
31,E06000032,Luton,43.45,56.55,East,0.22952091164011693,0.16339879916038857,0.16273166604292433,10.69,0.1665107577174931,6.1,0.01293587386302618,0.14930222214990427,1,leave
32,E06000033,Southend-on-Sea,41.92,58.08,East,0.21848655596947403,0.18441004137104774,0.238479442395652,11.01,0.24250681198910082,5.9,0.011481557747867488,0.04072833011974516,1,leave
33,E06000034,Thurrock,27.72,72.28,East,0.2371583477726231,0.18588256665362474,0.17245402716449612,11.09,0.2596934174932372,6.9,0.00684003130065396,0.03510843440836175,1,leave
34,E06000035,Medway,35.92,64.08,South East,0.2352578079907651,0.18938786635028537,0.17115051625729494,10.9,0.2834862385321101,9.2,0.011732027191688579,0.043096261142820495,1,leave
35,E06000036,Bracknell Forest,46.06,53.94,South East,0.270459873924665,0.17979875384292582,0.14577118512639464,13.07,0.11706197398622795,2.3,0.019768831476869465,0.0646888712517219,1,leave
36,E06000037,West Berkshire,51.78,48.22,South East,0.24382799360478397,0.20673020355335922,0.17822858052504448,12.22,0.26350245499181657,3.5,0.01481143110262107,0.04275243454247212,0,remain
37,E06000038,Reading,58.03,41.97,South East,0.23773550623357745,0.15437887851512272,0.163848046066976,12.12,0.22194719471947208,5.2,0.023536646726673004,0.10269329680773746,0,remain
38,E06000039,Slough,45.67,54.33,South East,0.24873390612008364,0.1577767139509688,0.15195646148806974,10.77,0.28412256267409475,4.4,0.017830297227611345,0.20556493402874013,1,leave
39,E06000040,Windsor and Maidenhead,53.9,46.1,South East,0.23491685749779234,0.20103123643602294,0.20319398919371978,15.95,0.1442006269592477,4.0,0.03005403140107464,0.09326777722898238,0,remain
40,E06000041,Wokingham,56.69,43.31,South East,0.24529218726078186,0.2076429983558434,0.1656271425623548,15.82,0.1731984829329961,2.8,0.019323832282715055,0.06546672080623582,0,remain
41,E06000042,Milton Keynes,48.59,51.41,South East,0.2495786184480602,0.19427017681121622,0.1394012276812665,10.84,0.2712177121771217,5.0,0.015531954968921602,0.07312479172401802,1,leave
42,E06000043,Brighton and Hove,68.62,31.38,South East,0.24545128058204238,0.16503710399205865,0.20603106324424877,11.11,0.28622862286228623,6.4,0.02862596189930473,0.06850216086870553,0,remain
43,E06000044,Portsmouth,41.92,58.08,South East,0.22850440008355605,0.16199698983936883,0.1948998666316731,10.04,0.3157370517928289,5.7,0.017412868704506135,0.05264031794152147,1,leave
44,E06000045,Southampton,46.2,53.8,South East,0.2036101083032491,0.1600956563728759,0.1848191496700315,9.79,0.2145045965270686,5.8,0.018643794982639288,0.06221343328197935,1,leave
45,E06000046,Isle of Wight,38.05,61.95,South East,0.19039259856401292,0.21218102779305512,0.2836036796226955,9.67,0.21509824198552224,5.0,0.010946952859542985,0.023227429914639382,1,leave
46,E06000047,County Durham,42.45,57.55,North East,0.22227896326017793,0.20077613634060834,0.21949865240034855,10.19,0.21589793915603545,7.9,0.0063610756479623885,0.012436419640504995,1,leave
47,E06000049,Cheshire East,48.82,51.18,North West,0.22474184021806792,0.21168391521728627,0.22370721141957325,12.65,0.06719367588932804,3.4,0.009141115977908969,0.021980177194393675,1,leave
48,E06000050,Cheshire West and Chester,49.32,50.68,North West,0.2241785750890608,0.20199334722692416,0.217712154200223,12.68,0.05205047318611988,4.1,0.010004006572020462,0.01987756661314218,1,leave
49,E06000051,Shropshire,43.13,56.87,West Midlands,0.21191992174395158,0.20939143209274896,0.23783340925865107,11.03,0.09610154125113332,4.3,0.009284077224876666,0.01902370635618509,1,leave
50,E06000052,Cornwall,43.48,56.52,South West,0.1965583013099212,0.21764166102333335,0.26107061713356067,9.7,0.13711340206185568,5.4,0.009098121871957108,0.02188477982985851,1,leave
52,E06000054,Wiltshire,47.51,52.49,South West,0.2307949918355186,0.19837726601889724,0.21481478059832831,12.26,0.04323001631321365,3.5,0.021008238388998852,0.03432084679645151,1,leave
53,E06000055,Bedford,48.22,51.78,East,0.2251421462906748,0.18912048461574865,0.19447505594580525,10.79,0.27988878591288247,5.8,0.026313120728005356,0.0853824259182887,1,leave
54,E06000056,Central Bedfordshire,43.87,56.13,East,0.24870217965342953,0.20124453802731307,0.18246091559995037,14.18,0.04513399153737663,2.3,0.012518135247217121,0.03121188388306136,1,leave
55,E06000057,Northumberland,45.89,54.11,North East,0.21659233699013639,0.21773495230964549,0.23202252677496013,10.7,0.15420560747663556,5.7,0.00621765031413783,0.013529086233275823,1,leave
56,E07000004,Aylesbury Vale,49.5,50.5,South East,0.2469109732847455,0.2001351449187924,0.17238820377923111,12.32,0.13149350649350644,2.4,0.01636218838236359,0.053629606390424016,1,leave
57,E07000005,Chiltern,55.02,44.98,South East,0.2141480252835433,0.22219482673600216,0.22325951495046398,15.23,0.17268548916611942,4.7,0.019220424082126687,0.06395974357824898,0,remain
58,E07000006,South Bucks,49.3,50.7,South East,0.2187908628622165,0.21573976915005247,0.2328355799499556,13.21,0.3043149129447388,2.1,0.023698442166437968,0.08533376382274599,1,leave
59,E07000007,Wycombe,51.97,48.03,South East,0.2281052404305851,0.19744609975016192,0.1866012769501249,12.74,0.2189952904238618,7.4,0.017741587242836435,0.0885475463434194,0,remain
60,E07000008,Cambridge,73.85,26.15,East,0.2076554936020503,0.1503449289473926,0.16843188227405087,12.21,0.29074529074529065,2.9,0.04814307891570139,0.13307551693412822,0,remain
61,E07000009,East Cambridgeshire,49.08,50.92,East,0.23214139372251208,0.20307591444259296,0.2146720572568088,11.68,0.16952054794520552,3.2,0.012497609746769743,0.05034556232414566,1,leave
62,E07000010,Fenland,28.61,71.39,East,0.21360409008728554,0.20008620792873477,0.24530945054418754,9.59,0.14389989572471332,6.9,0.009231432368682575,0.018175504974915886,1,leave
63,E07000011,Huntingdonshire,45.76,54.24,East,0.24398868458274398,0.20776150974170776,0.1770901028326771,11.66,0.2049742710120069,2.7,0.016036545739516038,0.04686723498604687,1,leave
64,E07000012,South Cambridgeshire,60.23,39.77,East,0.23425923079287977,0.21572078580871276,0.19558366895194762,12.75,0.2611764705882352,3.4,0.01833861100009223,0.04761428966704584,0,remain
65,E07000026,Allerdale,41.35,58.65,North West,0.21484191160741026,0.21287382877679373,0.24081204808967613,10.49,0.25452812202097236,3.0,0.00510204081632653,0.010845847773071493,1,leave
66,E07000027,Barrow-in-Furness,39.38,60.62,North West,0.21944984717977215,0.19772158933036954,0.22314531814392888,9.59,0.3169968717413974,7.5,0.004654070575159767,0.014879133092525702,1,leave
67,E07000028,Carlisle,39.86,60.14,North West,0.22001409583180298,0.19751039815761523,0.23261100467544843,9.76,0.1393442622950819,4.8,0.007544248007226595,0.014393631066419162,1,leave
68,E07000029,Copeland,38.0,62.0,North West,0.22776190888369544,0.20115987189474596,0.2208373005568539,12.47,0.4691259021651964,9.0,0.005106898641045616,0.010545601431085721,1,leave
69,E07000030,Eden,46.68,53.32,North West,0.21781143901802036,0.21915744219217712,0.2464391184683689,9.28,0.16487068965517254,3.0,0.00578580468891255,0.012314924563553448,1,leave
70,E07000031,South Lakeland,52.86,47.14,North West,0.2050615341003509,0.21713375235823698,0.272841907703737,10.0,0.332,3.0,0.0073899570874185,0.018338041661371835,0,remain
71,E07000032,Amber Valley,39.72,60.28,East Midlands,0.2251204162409527,0.21303157009040877,0.2188956907728104,9.5,0.34736842105263166,3.6,0.005117153626224554,0.011668140567179812,1,leave
72,E07000033,Bolsover,29.17,70.83,East Midlands,0.22867374522754508,0.19564975057826825,0.2252598723629574,9.5,0.11263157894736846,5.4,0.004640080260847755,0.008040018950477942,1,leave
73,E07000034,Chesterfield,39.96,60.04,East Midlands,0.22587890131013202,0.19965602711315697,0.22728514340634326,9.99,0.21221221221221212,5.4,0.007112145277960443,0.014770600435024534,1,leave
74,E07000035,Derbyshire Dales,48.44,51.56,East Midlands,0.21222415753789461,0.23157091652391715,0.24786595459845398,11.49,0.06701479547432546,3.9,0.006319365472368971,0.014769177618793995,1,leave
75,E07000036,Erewash,38.77,61.23,East Midlands,0.2334262799843777,0.196968183180592,0.20744965894331466,9.58,0.3549060542797495,2.9,0.006739389095268803,0.016748562657244843,1,leave
76,E07000037,High Peak,49.45,50.55,East Midlands,0.23780930976261558,0.20785392416669463,0.20512562476938043,10.83,0.22899353647276088,4.1,0.007022016481611933,0.01575481086399875,1,leave
77,E07000038,North East Derbyshire,37.22,62.78,East Midlands,0.2148854961832061,0.22162162162162163,0.23621827934805034,10.25,0.19414634146341467,3.8,0.0048689911285331134,0.010913967402517022,1,leave
78,E07000039,South Derbyshire,39.65,60.35,East Midlands,0.23761065201932272,0.2067997351707903,0.19323949878619945,10.03,0.29012961116650055,5.3,0.00610578455653368,0.02021774846129325,1,leave
79,E07000040,East Devon,45.89,54.11,South West,0.17262587635436583,0.20325047801147228,0.33300669216061185,9.33,0.2754555198285102,4.0,0.010412683237731039,0.025310707456978967,1,leave
80,E07000041,Exeter,55.28,44.72,South West,0.20952320933414958,0.17319673016673268,0.20526486369692823,9.04,0.32300884955752235,4.7,0.017834635744895386,0.03831610789009327,0,remain
81,E07000042,Mid Devon,46.66,53.34,South West,0.2090320176570069,0.2130879697308453,0.24275518101298477,8.81,0.34506242905788864,4.4,0.008713847564995558,0.022716198010720327,1,leave
82,E07000043,North Devon,42.96,57.04,South West,0.1961992046441468,0.2153860218494309,0.26137038899300635,7.86,0.4389312977099237,2.9,0.009930520638113087,0.019232527311788636,1,leave
83,E07000044,South Hams,52.85,47.15,South West,0.19948930347346944,0.22738213050861952,0.26717491966914686,10.2,0.22549019607843146,8.5,0.012058791188652274,0.02841818470598297,0,remain
84,E07000045,Teignbridge,46.1,53.9,South West,0.20291340795978768,0.2101473238644819,0.27583128027910514,8.89,0.24634420697412815,2.9,0.009986937614709238,0.025025215364010648,1,leave
85,E07000046,Torridge,39.17,60.83,South West,0.1906724327991181,0.22238616128211652,0.2673450351903672,7.68,0.36588541666666674,8.5,0.008157381497498516,0.020469770202662597,1,leave
86,E07000047,West Devon,46.8,53.2,South West,0.19732612656880208,0.2322134185041869,0.2600577360113015,10.31,0.07662463627546064,4.9,0.009151772004176648,0.027271052146674038,1,leave
87,E07000048,Christchurch,41.17,58.83,South West,0.17987295218990304,0.19072773877187116,0.3603922879750362,8.38,0.6610978520286395,3.8,0.011478881087707567,0.02708124373119358,1,leave
88,E07000049,East Dorset,42.38,57.62,South West,0.18478027355405438,0.21748263433031773,0.3158164848542716,10.46,0.2896749521988527,2.5,0.01271095409734323,0.0272837944286635,1,leave
89,E07000050,North Dorset,43.6,56.4,South West,0.200872304337291,0.1980615459171311,0.2531297956546321,9.72,0.24691358024691343,4.2,0.01983684678135853,0.03476294321944916,1,leave
90,E07000051,Purbeck,40.93,59.07,South West,0.1999729827089337,0.21627341498559077,0.27645443083573484,9.68,0.2365702479338844,7.6,0.019362391930835735,0.030507024495677233,1,leave
91,E07000052,West Dorset,48.97,51.03,South West,0.18826331745344305,0.20907319185794718,0.3058466868774361,10.8,0.21851851851851845,7.5,0.012786920744911216,0.03146383715894326,1,leave
92,E07000053,Weymouth and Portland,38.96,61.04,South West,0.20891465560583208,0.2071864002011061,0.2478318250377074,8.83,0.3193657984144961,4.6,0.012647687280040221,0.02356711915535445,1,leave
93,E07000061,Eastbourne,42.67,57.33,South East,0.19488775134664926,0.17355325816632652,0.29834833327757143,9.4,0.35106382978723394,4.9,0.022427425920349738,0.048568592681811594,1,leave
94,E07000062,Hastings,45.12,54.88,South East,0.2134565854002752,0.19300473955944442,0.22701666490256264,9.22,0.2494577006507591,5.2,0.013054369685636665,0.03443531030589564,1,leave
95,E07000063,Lewes,52.07,47.93,South East,0.1981079878928583,0.20496436204259197,0.28131746531130325,11.02,0.2985480943738658,5.3,0.01390802477841544,0.036050207752476214,0,remain
96,E07000064,Rother,41.47,58.53,South East,0.17155967598445473,0.2001217399447488,0.349112703095004,10.58,0.2051039697542533,1.9,0.012443227044996957,0.038453434471133585,1,leave
97,E07000065,Wealden,45.5,54.5,South East,0.2048163515993801,0.21533605193432506,0.26852731336994634,11.28,0.27127659574468094,4.1,0.015440320518771916,0.039372103154481766,1,leave
98,E07000066,Basildon,31.38,68.62,East,0.2294770263418403,0.1890528044039887,0.1940447159378999,11.77,0.24808836023789296,6.3,0.007394306685660478,0.028086293068063838,1,leave
99,E07000067,Braintree,38.87,61.13,East,0.23269203126063898,0.20698446803198692,0.19562865508136693,11.3,0.2884955752212389,3.0,0.009252604422790307,0.02389940913458265,1,leave
100,E07000068,Brentwood,40.85,59.15,East,0.22087180086478905,0.2068920182306883,0.23837209302325582,17.38,0.14787111622554663,5.1,0.012606637840364613,0.04115052004207082,1,leave
101,E07000069,Castle Point,27.3,72.7,East,0.20463467578052835,0.22340892296323664,0.22883567337890265,11.99,0.20517097581317756,6.2,0.005646129687788657,0.01691529650840569,1,leave
102,E07000070,Chelmsford,47.17,52.83,East,0.23062035244983192,0.20399561984312928,0.19403203626362434,13.28,0.15361445783132538,3.6,0.010944025669756545,0.03388255067739635,1,leave
103,E07000071,Colchester,46.4,53.6,East,0.22196333667103135,0.19359290354052736,0.19316927263857867,12.22,0.06710310965630102,2.0,0.02526380651621351,0.04509101645741868,1,leave
104,E07000072,Epping Forest,37.31,62.69,East,0.22836156696664903,0.20616066701958707,0.2189154314452091,13.57,0.23065585851142217,4.2,0.011365140285865537,0.04488155108523028,1,leave
105,E07000073,Harlow,31.9,68.1,East,0.24192565508836075,0.16956124314442414,0.18963284582571602,10.21,0.21449559255631728,7.2,0.009445460085313833,0.04019398740605322,1,leave
106,E07000074,Maldon,37.42,62.58,East,0.22304688814837254,0.2251842875896193,0.2075970244706991,12.24,0.2843137254901961,9.6,0.007876401090578612,0.02103739607526339,1,leave
107,E07000075,Rochford,33.39,66.61,East,0.21805603332951115,0.21005491215329536,0.22990482742804724,13.6,0.1823529411764705,7.6,0.006892685599255947,0.018117188395826166,1,leave
108,E07000076,Tendring,30.5,69.5,East,0.17870058250745277,0.19671716989439797,0.3255040097012394,10.0,0.18000000000000008,6.8,0.010054930380614845,0.019120969546481497,1,leave
109,E07000077,Uttlesford,49.32,50.68,East,0.22962898500275578,0.22239143677660778,0.20327502683259363,12.81,0.22482435597189687,5.0,0.014475096452295999,0.03698546688712906,1,leave
110,E07000078,Cheltenham,56.17,43.83,South West,0.2229372892294547,0.1791151954768982,0.2193195349640497,11.77,0.1962616822429907,2.0,0.015234563187986874,0.046821739248997844,0,remain
111,E07000079,Cotswold,51.1,48.9,South West,0.21370807206131184,0.21640788295013436,0.25322235493182044,11.66,0.19725557461406523,3.3,0.013623469692445506,0.03700109485418533,0,remain
112,E07000080,Forest of Dean,41.42,58.58,South West,0.2108099322347528,0.2176364682053462,0.22957665474731814,10.52,0.25760456273764265,3.8,0.008614438248605936,0.01635367957790503,1,leave
113,E07000081,Gloucester,41.5,58.5,South West,0.24213495927560633,0.17847749920371297,0.19373890885926195,9.32,0.31545064377682397,6.7,0.010692997224370933,0.04775902079446694,1,leave
114,E07000082,Stroud,54.61,45.39,South West,0.21714026209939016,0.21653784129455597,0.2286604014902964,10.77,0.23676880222841235,3.0,0.011381119205175257,0.027247956403269755,0,remain
115,E07000083,Tewkesbury,46.75,53.25,South West,0.22259014462404292,0.2106930174726785,0.23330933839408416,11.22,0.3172905525846701,4.7,0.012551534585432891,0.02591453438911066,1,leave
116,E07000084,Basingstoke and Deane,48.1,51.9,South East,0.24889724918563572,0.20229660555930604,0.16952540750984774,12.44,0.24839228295819935,4.2,0.014694605205377098,0.042235520046141846,1,leave
117,E07000085,East Hampshire,50.52,49.48,South East,0.22651316873181176,0.21360067353624834,0.20965645990812087,12.78,0.20500782472613469,7.8,0.017442392517890808,0.042709153137983416,0,remain
118,E07000086,Eastleigh,47.55,52.45,South East,0.23426215255360724,0.2006042920228288,0.1949229140304212,11.14,0.2791741472172351,2.0,0.012171921941309644,0.03243550344756346,1,leave
119,E07000087,Fareham,44.9,55.1,South East,0.22918769737999758,0.20697926410254036,0.22748363077322023,11.39,0.2712906057945566,6.2,0.010909730775998593,0.03250692277059003,1,leave
120,E07000088,Gosport,36.14,63.86,South East,0.22875089969246876,0.1756199699011974,0.2065955636982268,9.82,0.36863543788187364,5.8,0.011058038343257214,0.03080547013021004,1,leave
121,E07000089,Hart,52.4,47.6,South East,0.24117118735405066,0.2153044727860607,0.1778935393090234,14.41,0.3053435114503816,2.5,0.021316088856954674,0.04788934794323693,0,remain
122,E07000090,Havant,37.64,62.36,South East,0.21010877286070057,0.20030124348518172,0.24476033171015585,10.29,0.2789115646258505,4.2,0.010569196142029457,0.026992100916567535,1,leave
123,E07000091,New Forest,42.24,57.76,South East,0.19944959871494292,0.2091879218808133,0.2837519414637603,10.43,0.2866730584851391,4.3,0.012697025352711553,0.02997679101877388,1,leave
124,E07000092,Rushmoor,41.79,58.21,South East,0.25342081835866664,0.16860650422587842,0.15343950234648907,10.88,0.1948529411764705,3.7,0.0244320617231033,0.049259784364799365,1,leave
125,E07000093,Test Valley,48.06,51.94,South East,0.23425105417983444,0.2107540004189397,0.19955191664921085,11.87,0.2957034540859311,2.3,0.01960820028961485,0.03552790958187994,1,leave
126,E07000094,Winchester,58.93,41.07,South East,0.21341702262595363,0.20743877189382776,0.22133517375165546,14.58,0.16255144032921806,5.0,0.019268433716961072,0.0472664192050139,0,remain
127,E07000095,Broxbourne,33.74,66.26,East,0.23384336159165575,0.19228295081213959,0.196487237806419,12.29,0.24735557363710342,3.2,0.023215475452018287,0.0389643209961633,1,leave
128,E07000096,Dacorum,49.33,50.67,East,0.24270132584416432,0.1946966233426948,0.19548037358761675,12.97,0.1819583654587509,2.1,0.013258441643263013,0.04674925072025196,1,leave
129,E07000098,Hertsmere,49.16,50.84,East,0.23368978295394388,0.19328745367919534,0.20689253573319216,13.58,0.07879234167893964,6.1,0.017427210164107993,0.07520381154049761,1,leave
130,E07000099,North Hertfordshire,54.37,45.63,East,0.2389485749478222,0.19487973449207924,0.20730831080849899,12.48,0.3108974358974358,4.6,0.015439490881718958,0.053341088719334864,0,remain
131,E07000102,Three Rivers,48.73,51.27,East,0.22935979142526072,0.20293791039011203,0.21258207802240248,14.12,0.10198300283286128,3.0,0.01572759752800309,0.07360467361915797,1,leave
132,E07000103,Watford,49.73,50.27,East,0.2559390913880039,0.16874043599327698,0.1731681007450518,13.8,0.17391304347826075,3.3,0.02126031658430123,0.09515089180443018,1,leave
133,E07000105,Ashford,40.57,59.43,South East,0.2256942753333788,0.20055327729127906,0.21171623109067708,11.11,0.22772277227722784,5.4,0.013997525837465054,0.034959721802826776,1,leave
134,E07000106,Canterbury,48.96,51.04,South East,0.18823459838258993,0.1857286476736794,0.24333594523869365,11.95,0.25439330543933064,10.7,0.022021319061488194,0.04617897958278508,1,leave
135,E07000107,Dartford,35.78,64.22,South East,0.2413427849751487,0.1796393942568472,0.19130262713738636,11.49,0.2915578764142732,4.8,0.008741604683917078,0.041321833059794436,1,leave
136,E07000108,Dover,37.85,62.15,South East,0.20665417057169636,0.2017099248321634,0.2417229309718264,10.76,0.20446096654275103,5.6,0.016831474857984433,0.027953636937436643,1,leave
137,E07000109,Gravesham,34.62,65.38,South East,0.22551897782003197,0.19299601951586448,0.20363153880710846,11.84,0.14020270270270271,9.7,0.007271435586155019,0.060971405288506746,1,leave
138,E07000110,Maidstone,41.25,58.75,South East,0.22391830037136196,0.2104744220859602,0.20701989233382273,11.27,0.24844720496894418,4.4,0.013429484411434494,0.033163485620519906,1,leave
139,E07000111,Sevenoaks,45.62,54.38,South East,0.2187457115411006,0.21648597959837154,0.2258634097250812,14.83,0.0869858395144977,4.2,0.014116463107817575,0.041617492337953435,1,leave
140,E07000112,Shepway,37.75,62.25,South East,0.20561524553710592,0.1977077661630541,0.2565826388744571,10.35,0.30917874396135275,3.0,0.01757102184168416,0.0401712421288888,1,leave
141,E07000113,Swale,37.54,62.46,South East,0.22134184575044177,0.20021823926515256,0.2000798039103916,10.1,0.3069306930693069,4.8,0.009120446901898192,0.021775066978281937,1,leave
142,E07000114,Thanet,36.15,63.85,South East,0.19145711985604016,0.1908415021073069,0.27140060930372056,9.43,0.1654294803817604,4.6,0.011554671591608657,0.03158592603115973,1,leave
143,E07000115,Tonbridge and Malling,44.3,55.7,South East,0.23491786056284342,0.20270358215338274,0.20173668894859662,12.54,0.3054226475279109,3.3,0.010580042952371213,0.030708156302005372,1,leave
144,E07000116,Tunbridge Wells,54.89,45.11,South East,0.22585792559838508,0.20076900893972893,0.21211189080073056,13.1,0.1862595419847328,3.8,0.017331538979140634,0.047130635393636454,0,remain
145,E07000117,Burnley,33.39,66.61,North West,0.21771905921243662,0.1893636505773827,0.1978847914944942,9.35,0.15401069518716573,5.7,0.006298720153670903,0.044292064059324114,1,leave
146,E07000118,Chorley,43.17,56.83,North West,0.23142092006889067,0.2161395334946092,0.1933418948919352,10.44,0.30651340996168597,3.4,0.0061822417346115936,0.017690569343647024,1,leave
147,E07000119,Fylde,43.04,56.96,North West,0.20885859841293689,0.20284906510783016,0.2855757542647199,11.35,0.13039647577092514,3.3,0.012360517366185448,0.022399169591761477,1,leave
148,E07000120,Hyndburn,33.81,66.19,North West,0.22044026700696967,0.18550603710611563,0.20012025130067734,8.83,0.24235560588901478,5.1,0.00622116422891921,0.03975655246883283,1,leave
149,E07000121,Lancaster,48.92,51.08,North West,0.20183849336141105,0.18088474692713233,0.2271831175231865,10.79,0.1825764596848935,3.2,0.011455112982959212,0.02535955912003226,1,leave
150,E07000122,Pendle,36.85,63.15,North West,0.21024560774471138,0.1936513983506633,0.19958990677662244,9.05,0.2817679558011048,4.8,0.00657717820007171,0.06909958766583005,1,leave
151,E07000123,Preston,46.69,53.31,North West,0.21894887875772373,0.17031157189913063,0.19164101733354932,9.65,0.09533678756476682,5.2,0.009565465583609111,0.07174870596221641,1,leave
152,E07000124,Ribble Valley,43.61,56.39,North West,0.2213306152705708,0.21727205337286878,0.2289844329132691,11.37,0.21196130167106422,6.8,0.007190511489992587,0.01795774647887324,1,leave
153,E07000125,Rossendale,39.32,60.68,North West,0.22625357947968075,0.20304027295436544,0.19021507341741303,9.96,0.2008032128514056,7.6,0.006138426856759885,0.024568939255468228,1,leave
154,E07000126,South Ribble,41.44,58.56,North West,0.2257309828915825,0.2080063927907805,0.20870921466875908,10.66,0.15947467166979354,3.9,0.006806781749737645,0.018244485736566955,1,leave
155,E07000127,West Lancashire,44.69,55.31,North West,0.21437930207237632,0.2088523501079555,0.2136688257764491,10.4,0.24038461538461536,4.4,0.005979073243647235,0.015362896528815811,1,leave
156,E07000128,Wyre,36.23,63.77,North West,0.19892442576076047,0.19664261773561326,0.284175045920203,10.66,0.20356472795497185,7.4,0.006854892158533583,0.014533507546062224,1,leave
157,E07000129,Blaby,40.53,59.47,East Midlands,0.2390639542614014,0.20292071089837344,0.2029428710721092,11.4,0.20263157894736847,3.3,0.007080175508575987,0.037362052918494884,1,leave
158,E07000130,Charnwood,46.19,53.81,East Midlands,0.21420938082391733,0.19588562640914364,0.19549465014140308,10.31,0.2754607177497575,1.8,0.011813999556893563,0.06111610691897668,1,leave
159,E07000131,Harborough,49.25,50.75,East Midlands,0.23562219987199415,0.21872020271947126,0.20751315978526366,11.76,0.2993197278911564,2.7,0.008829791402709022,0.02425580271424653,1,leave
160,E07000132,Hinckley and Bosworth,39.67,60.33,East Midlands,0.22591146483458324,0.21986998332351385,0.21158166984551782,11.15,0.11569506726457392,3.2,0.006530791583866748,0.01902317731997883,1,leave
161,E07000133,Melton,41.89,58.11,East Midlands,0.2329001796682405,0.215184055488238,0.2125934901600301,10.62,0.10546139359698692,4.9,0.010842769397902477,0.022395855095474867,1,leave
162,E07000134,North West Leicestershire,39.3,60.7,East Midlands,0.23024923102113376,0.21209782112908318,0.21023823725483318,10.35,0.1971014492753624,3.5,0.006151830929908892,0.013578470930844532,1,leave
163,E07000135,Oadby and Wigston,45.42,54.58,East Midlands,0.21505511246527467,0.19211398870866564,0.22444663500313647,10.4,0.10769230769230762,5.5,0.00883591719688144,0.09303701048481047,1,leave
164,E07000136,Boston,24.44,75.56,East Midlands,0.20188340807174887,0.20737219730941703,0.2540269058295964,8.53,0.11137162954279028,6.2,0.008878923766816144,0.019354260089686097,1,leave
165,E07000137,East Lindsey,29.35,70.65,East Midlands,0.1881300451524374,0.21579645373216708,0.28951221568913044,8.59,0.28987194412107103,10.1,0.008363549947488252,0.015699862779519652,1,leave
166,E07000138,Lincoln,43.06,56.94,East Midlands,0.21851743676616625,0.16840936970617443,0.19685729306618377,9.47,0.2893347412882788,4.9,0.015246217652900287,0.026625386996904025,1,leave
167,E07000139,North Kesteven,37.74,62.26,East Midlands,0.2240172721858249,0.20384157236450268,0.24051306049519272,9.26,0.4092872570194386,4.7,0.015208882838424233,0.022334723049434187,1,leave
168,E07000140,South Holland,26.41,73.59,East Midlands,0.1996811374506678,0.20919474138156346,0.27969734194087975,8.62,0.1983758700696057,3.2,0.011970413737225896,0.018399937272941116,1,leave
169,E07000141,South Kesteven,40.07,59.93,East Midlands,0.22429322392461054,0.2078338355022758,0.21456503622027054,10.33,0.1268151016456922,7.3,0.014191614847105584,0.02544233604718251,1,leave
170,E07000142,West Lindsey,38.18,61.82,East Midlands,0.20901716657234484,0.22097717411809092,0.240445199019053,9.49,0.36354056902002096,4.0,0.010488587059045464,0.016650946362321575,1,leave
171,E07000143,Breckland,35.78,64.22,East,0.20450015648421158,0.20494490108550628,0.24904050470276237,8.8,0.19772727272727253,4.2,0.013638834439704163,0.03517600355795681,1,leave
172,E07000144,Broadland,45.63,54.37,East,0.21916582990895514,0.2129555407423658,0.25209892585623517,9.6,0.30208333333333337,2.2,0.009020107498755411,0.020588458650105897,1,leave
173,E07000145,Great Yarmouth,28.5,71.5,East,0.2002532760709173,0.20628785376059905,0.2535183349851338,8.53,0.30246189917936694,4.3,0.006838453914767096,0.01903975333113093,1,leave
174,E07000146,King's Lynn and West Norfolk,33.6,66.4,East,0.2014112083933651,0.20361298902803945,0.2740773578632384,8.88,0.32770270270270246,8.3,0.010129668624625957,0.029982636964793676,1,leave
175,E07000147,North Norfolk,41.09,58.91,East,0.17819316541643795,0.21555772397389766,0.32121729584680125,8.14,0.30958230958230953,4.0,0.008812587668475941,0.018977048647110244,1,leave
176,E07000148,Norwich,56.24,43.76,East,0.21039901275195394,0.16619498148909914,0.2099794323323735,9.51,0.20294426919032596,3.4,0.01637186343068696,0.04027972027972028,0,remain
177,E07000149,South Norfolk,48.31,51.69,East,0.207497064402493,0.22243699756119592,0.2520910486857556,10.18,0.281925343811395,3.5,0.00944810766868395,0.02291572577002981,1,leave
178,E07000150,Corby,35.75,64.25,East Midlands,0.23660059427539776,0.18490239590777446,0.1900740963628841,8.63,0.26998841251448435,9.1,0.009948471057283635,0.02661074961447324,1,leave
179,E07000151,Daventry,41.4,58.6,East Midlands,0.23920487764135973,0.21843592527631617,0.18264706701188785,12.84,0.0038940809968847907,4.5,0.010022550739163118,0.025738467106545284,1,leave
180,E07000152,East Northamptonshire,41.24,58.76,East Midlands,0.23129980404964076,0.20868713259307642,0.19630306988896146,11.39,0.20983318700614562,5.3,0.010764206401045069,0.028504245591116917,1,leave
181,E07000153,Kettering,39.01,60.99,East Midlands,0.22787253799912027,0.2011754068716094,0.2013586823713406,9.45,0.37248677248677264,6.3,0.01400224817946337,0.031144616587654564,1,leave
182,E07000154,Northampton,41.62,58.38,East Midlands,0.23305803823961987,0.1814633494122124,0.177606475434284,10.33,0.16844143272023235,1.7,0.012105441792057926,0.05896388937456932,1,leave
183,E07000155,South Northamptonshire,45.66,54.34,East Midlands,0.24414513260943588,0.22298311326346587,0.1855649300694891,12.94,0.21483771251932005,2.2,0.010997187645819934,0.031843920648733176,1,leave
184,E07000156,Wellingborough,37.58,62.42,East Midlands,0.2264785780278272,0.2029950771521946,0.19705180711261877,9.76,0.22745901639344268,6.3,0.009611274286738648,0.05839848867193425,1,leave
185,E07000163,Craven,47.17,52.83,Yorkshire and The Humber,0.20512868332711676,0.2174561730697501,0.2601454681089146,9.57,0.17763845350052238,5.8,0.008131294293174189,0.019731443491234613,1,leave
186,E07000164,Hambleton,46.34,53.66,Yorkshire and The Humber,0.22150491612274256,0.22053001391019011,0.2345353164271023,10.57,0.1040681173131504,4.3,0.012673728763181985,0.017381793106728015,1,leave
187,E07000165,Harrogate,50.97,49.03,Yorkshire and The Humber,0.22732198551567373,0.20078500819368822,0.2275400433472538,11.03,0.1613780598368088,2.4,0.015277263836760585,0.04295078500819369,0,remain
188,E07000166,Richmondshire,43.22,56.78,Yorkshire and The Humber,0.2185067007019783,0.18985322271857052,0.20406296532652626,8.93,0.32922732362821944,5.8,0.028270580727504786,0.02875983833226973,1,leave
189,E07000167,Ryedale,44.74,55.26,Yorkshire and The Humber,0.20174162604183046,0.21935445824815222,0.2668658594118572,8.44,0.2476303317535545,6.1,0.009258531215599938,0.015588142789746816,1,leave
190,E07000168,Scarborough,38.01,61.99,Yorkshire and The Humber,0.1929727134964186,0.21067740933520326,0.2753216682510848,8.67,0.3414071510957325,8.1,0.008640569261033668,0.018297676082188945,1,leave
191,E07000169,Selby,40.83,59.17,Yorkshire and The Humber,0.23770727624627294,0.21401108960610973,0.19612125333472824,11.19,0.20911528150134048,2.9,0.007101009572631689,0.011978866977036146,1,leave
192,E07000170,Ashfield,30.16,69.84,East Midlands,0.23075403772433048,0.19801233537127313,0.2087227414330218,9.17,0.19411123227917115,4.1,0.004309300008079937,0.00946250460107553,1,leave
193,E07000171,Bassetlaw,32.17,67.83,East Midlands,0.22725204942764568,0.20748656151068115,0.21581424711966057,9.74,0.23305954825462008,3.4,0.007724230130067866,0.014455079702542869,1,leave
194,E07000172,Broxtowe,45.35,54.65,East Midlands,0.2310960304917728,0.20340243562331506,0.21565492237612718,11.23,0.2858414959928761,3.4,0.011638932787952031,0.03902575067397973,1,leave
195,E07000173,Gedling,44.45,55.55,East Midlands,0.22792453505327095,0.20899567928292198,0.22154633365239249,10.85,0.19170506912442398,7.5,0.008874019340352635,0.02712301072575523,1,leave
196,E07000174,Mansfield,29.14,70.86,East Midlands,0.22668337050956905,0.19371365131746468,0.21438974954420917,9.19,0.13710554951033732,5.3,0.005815789205650788,0.016581619661645328,1,leave
197,E07000175,Newark and Sherwood,39.61,60.39,East Midlands,0.22039464398294958,0.2083596021567096,0.22737666199316853,10.37,0.1716489874638381,9.5,0.00787594214899363,0.016749315442304253,1,leave
198,E07000176,Rushcliffe,57.55,42.45,East Midlands,0.23295675148438905,0.20789969601984867,0.21076904137349786,14.69,0.13274336283185847,3.5,0.011108059735414162,0.03517078760215532,0,remain
199,E07000177,Cherwell,49.69,50.31,South East,0.25328375763554273,0.1884281215616345,0.178464923929127,10.58,0.30812854442344045,2.2,0.015168645900519785,0.04716014720946997,1,leave
200,E07000178,Oxford,70.27,29.73,South East,0.20888206900661463,0.1426538942852035,0.1657007925630177,11.12,0.3246402877697843,6.2,0.0401421250223467,0.1381547583576664,0,remain
201,E07000179,South Oxfordshire,54.98,45.02,South East,0.24337691515586482,0.20370861547102692,0.2029675164601991,13.08,0.2874617737003058,3.4,0.019252972197085532,0.0464708085000156,0,remain
202,E07000180,Vale of White Horse,56.7,43.3,South East,0.23010196580383474,0.20466673008899305,0.20331756423672673,13.2,0.14696969696969708,3.4,0.0247779497868145,0.04548245651967101,0,remain
203,E07000181,West Oxfordshire,53.66,46.34,South East,0.2384358009201171,0.2023943956503555,0.20972396486825595,11.8,0.2661016949152541,4.0,0.01525512337933919,0.03731702216645755,0,remain
204,E07000187,Mendip,51.07,48.93,South West,0.21733144634106422,0.2098412423340939,0.22408033195659918,9.75,0.29230769230769227,3.5,0.01430648220354485,0.026600814487479422,0,remain
205,E07000188,Sedgemoor,38.8,61.2,South West,0.2102737979429737,0.20842266317847394,0.24701315627921913,10.0,0.14800000000000005,2.7,0.00767843144662404,0.01799189656312275,1,leave
206,E07000189,South Somerset,42.75,57.25,South West,0.2066450728295213,0.2042737250693851,0.2504421437513662,9.58,0.18789144050104392,3.7,0.010379614357914539,0.025091243897753843,1,leave
207,E07000190,Taunton Deane,47.08,52.92,South West,0.210314861337843,0.19906352945776595,0.24208447785413348,9.48,0.28797468354430383,4.7,0.010870096481881543,0.03053793292212045,1,leave
209,E07000192,Cannock Chase,31.14,68.86,West Midlands,0.23836919002236068,0.19509150511256323,0.18565877168226125,9.88,0.2651821862348177,4.8,0.0048846145496385385,0.01099581008618631,1,leave
210,E07000193,East Staffordshire,36.79,63.21,West Midlands,0.23143490411486942,0.19435289582731038,0.20778645080466415,10.21,0.11165523996082259,2.4,0.006948058205647104,0.03397899200154187,1,leave
211,E07000194,Lichfield,41.19,58.81,West Midlands,0.21644928779818087,0.2296314570104685,0.21571992448944569,11.76,0.27295918367346944,3.7,0.006457010468508667,0.0167217264458555,1,leave
212,E07000195,Newcastle-under-Lyme,36.96,63.04,West Midlands,0.21451282471523395,0.19834466934360404,0.2215520773580267,9.83,0.2706002034587996,2.4,0.007522740309759895,0.019372285503564696,1,leave
213,E07000196,South Staffordshire,35.15,64.85,West Midlands,0.22275628918939336,0.22458827528896275,0.21879013371609882,10.54,0.3140417457305504,8.4,0.005071013069426607,0.013201631789680441,1,leave
214,E07000197,Stafford,44.01,55.99,West Midlands,0.2190685340183973,0.2160023203778901,0.224960636446507,10.83,0.2132963988919668,3.1,0.009148918538161929,0.023941327587635702,1,leave
215,E07000198,Staffordshire Moorlands,35.27,64.73,West Midlands,0.21324175300828668,0.2252854829662712,0.23271491919694356,10.4,0.2461538461538462,4.2,0.0045825439998306685,0.009789499306797617,1,leave
216,E07000199,Tamworth,32.53,67.47,West Midlands,0.23411734714414137,0.20412982517341777,0.15572043847526532,10.21,0.09990205680705186,6.4,0.005903583743677127,0.013095222122338357,1,leave
217,E07000200,Babergh,45.81,54.19,East,0.20610824217299098,0.22027054552425684,0.23902181857394472,10.05,0.32935323383084564,5.6,0.010376103808964665,0.023412132612837134,1,leave
218,E07000201,Forest Heath,35.03,64.97,East,0.2346243920014412,0.1686723112952621,0.19279409115474688,8.0,0.26875000000000004,3.9,0.0159971176364619,0.20536840208971358,1,leave
219,E07000202,Ipswich,41.74,58.26,East,0.21654750617157403,0.1738803611545328,0.21212276520684384,8.88,0.36148648648648635,6.4,0.012565239303316848,0.044102196140737515,1,leave
220,E07000203,Mid Suffolk,44.77,55.23,East,0.21805221276644748,0.21185669703006782,0.23000564275596808,10.0,0.25299999999999995,2.7,0.011009132052005481,0.022743761299906722,1,leave
221,E07000204,St Edmundsbury,43.38,56.62,East,0.22464941492774435,0.20380271506115508,0.21713360422840733,9.61,0.3236212278876172,2.8,0.01250598311488599,0.03801696658621287,1,leave
222,E07000205,Suffolk Coastal,47.0,53.0,East,0.20583458542135294,0.20933464187387638,0.2644583597502193,10.81,0.22756706753006467,3.8,0.012132950035174265,0.032290843400700014,1,leave
223,E07000206,Waveney,37.1,62.9,East,0.19508287194459775,0.19847430168592334,0.27258727813284434,8.64,0.4166666666666666,6.5,0.007583984618397393,0.016609994481137955,1,leave
224,E07000207,Elmbridge,59.53,40.47,South East,0.24377542317281198,0.2027867077811311,0.21022503608450335,16.67,0.1343731253749249,5.8,0.03407525259152342,0.11342015483532344,0,remain
225,E07000208,Epsom and Ewell,52.08,47.92,South East,0.22723273535245084,0.21036699026230632,0.2178529354747312,13.24,0.2922960725075528,2.7,0.022860466156668008,0.0861778433916402,0,remain
226,E07000209,Guildford,56.17,43.83,South East,0.22640534768428924,0.19218818667550752,0.19773170600072473,14.65,0.16723549488054615,4.9,0.028982043315009136,0.07032328201016183,0,remain
227,E07000210,Mole Valley,53.08,46.92,South East,0.2165481335708147,0.21684706116805957,0.24530745948908292,15.99,0.018136335209506,5.1,0.01733780064020327,0.05292264002889634,0,remain
228,E07000211,Reigate and Banstead,49.51,50.49,South East,0.23775914260648262,0.20035882803917074,0.20879207732981356,14.15,0.14558303886925797,2.7,0.018178512997636793,0.05908016724231958,1,leave
229,E07000212,Runnymede,45.74,54.26,South East,0.23062037855778966,0.18688247279996925,0.20716876193405354,13.73,0.11434814275309543,4.8,0.028321351223200442,0.07334076608614304,1,leave
230,E07000213,Spelthorne,39.7,60.3,South East,0.2435999557473172,0.19194601172696094,0.21907290629494414,14.27,0.1604765241765942,2.8,0.015588007522956079,0.05909945790463547,1,leave
231,E07000214,Surrey Heath,49.02,50.98,South East,0.2473416838907289,0.21107154418905794,0.1867918420200712,14.1,0.1638297872340426,3.7,0.023520183280623552,0.06850611350449486,1,leave
232,E07000215,Tandridge,47.16,52.84,South East,0.22811510464632193,0.2155625922515044,0.2176441646586852,13.39,0.20761762509335333,9.3,0.01511347723516722,0.04896110613496159,1,leave
233,E07000216,Waverley,58.39,41.61,South East,0.2177235983227424,0.2127350538192193,0.227372152336489,14.23,0.2649332396345748,1.9,0.022565166645052523,0.06024294298188735,0,remain
234,E07000217,Woking,56.15,43.85,South East,0.24662733748886911,0.19097284060552092,0.18970391807658057,14.05,0.10249110320284693,7.4,0.03368210151380231,0.09270926090828138,0,remain
235,E07000218,North Warwickshire,33.12,66.88,West Midlands,0.22998706757193663,0.21783058519236986,0.20282896863886193,11.26,0.1225577264653642,8.9,0.005221467830585192,0.011639185257032008,1,leave
236,E07000219,Nuneaton and Bedworth,33.99,66.01,West Midlands,0.22642111271530738,0.20161669408723096,0.1978981298055938,10.19,0.18940137389597642,2.7,0.006589329483262264,0.030033911963200485,1,leave
237,E07000220,Rugby,43.3,56.7,West Midlands,0.22717345316913085,0.2023258207265617,0.2126056281659863,11.85,0.21012658227848105,2.6,0.009662332910248934,0.04494985878128824,1,leave
238,E07000221,Stratford-on-Avon,48.44,51.56,West Midlands,0.2183003839115927,0.22682178608589573,0.24122744070898067,12.09,0.1389578163771712,1.6,0.012342578307201034,0.0265778048867999,1,leave
239,E07000222,Warwick,58.78,41.22,West Midlands,0.22606824372076773,0.19678236494588305,0.21240997053942237,12.05,0.2506224066390041,2.2,0.018256029095298217,0.05596715661751277,0,remain
240,E07000223,Adur,45.43,54.57,South East,0.20202257366629212,0.19781307125966424,0.2718567092089154,9.9,0.2898989898989898,7.3,0.0101296392573834,0.029147869253861505,1,leave
241,E07000224,Arun,37.52,62.48,South East,0.18959356062489788,0.19233583642964217,0.3183668539844699,8.97,0.309921962095875,3.4,0.012873066731079363,0.02958247785221549,1,leave
242,E07000225,Chichester,49.08,50.92,South East,0.18894316580554252,0.20583372475340536,0.28934711131986846,10.89,0.3195592286501376,2.0,0.015556599342414278,0.04236730859558478,1,leave
243,E07000226,Crawley,41.59,58.41,South East,0.24342316329804298,0.17065688161693937,0.18378047802374078,10.5,0.38380952380952377,3.6,0.017544914982354828,0.0872032402951556,1,leave
244,E07000227,Horsham,51.46,48.54,South East,0.23121846536924187,0.2107168599698578,0.2169664504291986,12.89,0.2536850271528316,1.6,0.015742742939519036,0.042199069523622304,0,remain
245,E07000228,Mid Sussex,53.09,46.91,South East,0.22499960746753755,0.2155945296676035,0.21506853616794108,12.76,0.23197492163009412,1.8,0.0177189153542998,0.048705427938890544,0,remain
246,E07000229,Worthing,47.01,52.99,South East,0.21425057395867497,0.17868563463430634,0.28033781567727123,10.3,0.30873786407766984,2.6,0.01507666448015743,0.03963389635946212,1,leave
247,E07000234,Bromsgrove,44.63,55.37,West Midlands,0.22253719958559603,0.22031717841000945,0.2283775629859854,12.64,0.17484177215189867,3.1,0.006295752359484044,0.0188644876304974,1,leave
248,E07000235,Malvern Hills,47.84,52.16,West Midlands,0.19414731474810176,0.22338302942969573,0.2697167876738901,11.37,0.1723834652594548,4.7,0.010225572244083578,0.02654769162556116,1,leave
249,E07000236,Redditch,37.71,62.29,West Midlands,0.22612204499600289,0.21187204182369587,0.1626378367403911,10.2,0.05294117647058833,5.7,0.006839493953582803,0.031101298108036086,1,leave
250,E07000237,Worcester,46.32,53.68,West Midlands,0.24526260537958072,0.1804762567887481,0.18750334750891776,10.38,0.26493256262042386,3.5,0.012715177873233854,0.030165072359752767,1,leave
251,E07000238,Wychavon,42.14,57.86,West Midlands,0.2204732774418584,0.221863186876422,0.23148631780234957,9.88,0.26923076923076905,1.8,0.009198190461857167,0.021264729056189525,1,leave
252,E07000239,Wyre Forest,36.85,63.15,West Midlands,0.21156721419659522,0.222084738247698,0.2236520555572741,9.04,0.38053097345132764,6.4,0.008548066116043349,0.01886967550344913,1,leave
253,E07000240,St Albans,62.71,37.29,East,0.24764156428045425,0.1961396845083524,0.19526374946707492,16.35,0.16880733944954115,1.9,0.0227433045230805,0.0701290647649316,0,remain
254,E07000241,Welwyn Hatfield,47.01,52.99,East,0.22030075958709625,0.17955367851321846,0.2174510266214263,12.76,0.17633228840125392,4.4,0.01672936762580341,0.060213422447285066,1,leave
255,E07000242,East Hertfordshire,49.64,50.36,East,0.24886944515548523,0.20072293455580636,0.181718753636004,13.73,0.20393299344501098,3.6,0.014125148348963303,0.038217795670149476,1,leave
256,E07000243,Stevenage,40.75,59.25,East,0.2516715800037634,0.16734617073323715,0.1802797465972527,10.79,0.24003707136237273,3.0,0.008618202345857116,0.04162328294549332,1,leave
257,E08000001,Bolton,41.71,58.29,North West,0.22109509379896336,0.18990794408455505,0.1976922811708685,9.49,0.21180189673340355,7.0,0.005842083689285427,0.05829058715814233,1,leave
258,E08000002,Bury,45.88,54.12,North West,0.23013377037562013,0.1961485648476258,0.19731130403968816,10.73,0.22833178005591792,5.8,0.008399406449326718,0.037495570517363574,1,leave
259,E08000003,Manchester,60.36,39.64,North West,0.21249735883447593,0.14317026416746645,0.17197742471723618,9.57,0.29362591431556956,8.2,0.014678516059559237,0.10587827981844056,0,remain
260,E08000004,Oldham,39.14,60.86,North West,0.2195532808954633,0.18816419895707243,0.1926194234902634,9.27,0.22977346278317162,8.3,0.005546018143073461,0.06903757024572772,1,leave
261,E08000005,Rochdale,39.93,60.07,North West,0.22149232799466295,0.19021021927667428,0.18879804438124825,9.66,0.25776397515527955,7.6,0.0063012217747629735,0.06035830285794981,1,leave
262,E08000006,Salford,43.19,56.81,North West,0.21920565656191723,0.17390781247830894,0.2112002147124288,9.41,0.27205100956429334,8.6,0.00900033780188151,0.030365149951643428,1,leave
263,E08000007,Stockport,52.33,47.67,North West,0.23090873305966372,0.19739709272901085,0.2174548726311646,11.13,0.2443845462713386,5.8,0.007735618287128156,0.03221475566552325,0,remain
264,E08000008,Tameside,38.86,61.14,North West,0.23387297400055387,0.18916838384739232,0.19872513999521224,9.73,0.17060637204522097,5.2,0.006843688832770849,0.03403068864032144,1,leave
265,E08000009,Trafford,57.69,42.31,North West,0.2359180565799805,0.18869352114016513,0.21111137547883604,12.01,0.23230641132389684,4.6,0.010102548240500607,0.05138356848842466,0,remain
266,E08000010,Wigan,36.1,63.9,North West,0.22830648773286,0.20129057943367118,0.1969875420931274,10.18,0.25933202357563856,5.2,0.0041238823548927555,0.011737969245060797,1,leave
267,E08000011,Knowsley,48.44,51.56,North West,0.23377797273675885,0.1705846775533534,0.1974757242836919,9.02,0.33370288248337027,6.7,0.0036156029217261844,0.008859556424009199,1,leave
268,E08000012,Liverpool,58.19,41.81,North West,0.21661398993794842,0.1684085256659681,0.20036043169887569,9.74,0.26694045174537984,7.8,0.007192705809003056,0.03270052995292089,0,remain
269,E08000013,St. Helens,41.98,58.02,North West,0.21987864942349994,0.19936327703103884,0.21076887408605374,10.1,0.2009900990099011,7.1,0.004099681638515519,0.010336852462353613,1,leave
270,E08000014,Sefton,51.87,48.13,North West,0.21383385520112524,0.19247732879084528,0.24576792315467313,10.37,0.16393442622950832,3.6,0.006159924794492469,0.015634829197266026,0,remain
271,E08000015,Wirral,51.7,48.3,North West,0.21057788679221115,0.19879728332047147,0.23362035011991944,11.1,0.17747747747747755,3.9,0.006849337000829349,0.017445155671116548,0,remain
272,E08000016,Barnsley,31.69,68.31,Yorkshire and The Humber,0.22964005814833327,0.19656704713775378,0.213672195649881,9.71,0.19464469618949523,6.3,0.004205206752177123,0.010639127224701119,1,leave
273,E08000017,Doncaster,31.04,68.96,Yorkshire and The Humber,0.22372466587187048,0.19273458688028558,0.21485641379598838,8.88,0.287162162162162,7.9,0.006752281553059617,0.017778335529480663,1,leave
274,E08000018,Rotherham,32.11,67.89,Yorkshire and The Humber,0.22642490178301602,0.19626473254759746,0.20812732950538934,9.63,0.21079958463136025,6.1,0.0038722675531379066,0.019175984688224037,1,leave
275,E08000019,Sheffield,49.01,50.99,Yorkshire and The Humber,0.21896834582276312,0.1761672063814946,0.21284053667527872,10.18,0.23673870333988214,8.2,0.008099619276976973,0.05165285230518633,1,leave
276,E08000021,Newcastle upon Tyne,50.7,49.3,North East,0.21659422970223785,0.16687858331792121,0.20433774119967943,9.99,0.3013013013013013,9.2,0.012148603661919733,0.051873343197090194,0,remain
277,E08000022,North Tyneside,46.6,53.4,North East,0.2248785603598057,0.1974913779159862,0.23044573956871317,9.77,0.3203684749232345,5.8,0.006094156809750651,0.01835029922936048,1,leave
278,E08000023,South Tyneside,37.95,62.05,North East,0.22135026344209183,0.18478908269790884,0.2309781719409628,9.35,0.26631016042780753,8.8,0.00400562882481919,0.019772883463690806,1,leave
279,E08000024,Sunderland,38.66,61.34,North East,0.22031145947216416,0.18817906961008807,0.20709597695214152,9.06,0.28697571743929357,8.7,0.0063816072961144134,0.015772398836211347,1,leave
280,E08000025,Birmingham,49.58,50.42,West Midlands,0.21322666251828137,0.15821416107265782,0.1885461581210271,10.26,0.21150097465886938,9.2,0.007526453632071658,0.13416512552106413,1,leave
281,E08000026,Coventry,44.4,55.6,West Midlands,0.2133934744455672,0.16577806732968142,0.19876814869967557,10.45,0.24784688995215312,4.7,0.0122287666861671,0.09146479285220444,1,leave
282,E08000027,Dudley,32.4,67.6,West Midlands,0.22143828546148678,0.19881371761891498,0.2219888253510511,10.12,0.21541501976284602,7.9,0.003863610296406744,0.030469761268863364,1,leave
283,E08000028,Sandwell,33.28,66.72,West Midlands,0.22126233634024262,0.1727299720046376,0.21495984503577184,9.1,0.2461538461538462,7.8,0.004121539462149704,0.08503237847467693,1,leave
284,E08000029,Solihull,43.84,56.16,West Midlands,0.2190891001769273,0.2083281123914253,0.21976573424820942,11.83,0.30684699915469155,4.5,0.007132224321736995,0.03384172777257076,1,leave
285,E08000030,Walsall,32.14,67.86,West Midlands,0.2152907901017361,0.18472656696870599,0.2163046008071038,9.02,0.352549889135255,9.0,0.003854058595891897,0.06000418147606105,1,leave
286,E08000031,Wolverhampton,37.43,62.57,West Midlands,0.21606884716504215,0.1738678344083658,0.2186430074984572,9.18,0.17864923747276695,11.1,0.0076844392219188274,0.09730664209449577,1,leave
287,E08000032,Bradford,45.77,54.23,Yorkshire and The Humber,0.21428586702019609,0.17271765045491966,0.189274373750441,9.25,0.2767567567567568,10.0,0.008657906835020795,0.10397186019907412,1,leave
288,E08000033,Calderdale,44.32,55.68,Yorkshire and The Humber,0.22877264104363193,0.19893973649333438,0.2039759881499961,10.12,0.2598814229249013,4.7,0.007110002338816559,0.04100205296120163,1,leave
289,E08000034,Kirklees,45.33,54.67,Yorkshire and The Humber,0.2225973898967231,0.19071099707386371,0.19254337089871246,10.58,0.1474480151228734,4.7,0.006711841201131336,0.06493860775619134,1,leave
290,E08000035,Leeds,50.31,49.69,Yorkshire and The Humber,0.21981906676246363,0.17321310256331404,0.1994892382185121,10.31,0.25121241513094084,5.8,0.009530306037724244,0.049109451748806966,0,remain
291,E08000036,Wakefield,33.64,66.36,Yorkshire and The Humber,0.23132765601005165,0.1969527749927024,0.20435190943357912,9.67,0.18407445708376416,7.5,0.005606462503014227,0.0168701534400264,1,leave
292,E08000037,Gateshead,43.15,56.85,North East,0.22704563407986356,0.18897625437481363,0.22860984248055202,9.25,0.33729729729729724,6.6,0.005466882203075056,0.01752018038095537,1,leave
294,E09000002,Barking and Dagenham,37.56,62.44,London,0.23529375884448347,0.1560898843507539,0.18467281510759773,10.85,0.22672811059907844,10.8,0.008283316254330746,0.09312326160152247,1,leave
295,E09000003,Barnet,62.23,37.77,London,0.2383616688495823,0.17240052898615227,0.18521827036787428,14.37,0.1628392484342381,8.8,0.03611983570910848,0.2456797344896428,0,remain
296,E09000004,Bexley,37.05,62.95,London,0.23416564745976995,0.1870072879018996,0.20600805287966029,13.29,0.17231000752445455,7.5,0.00860256427874507,0.062375462078632385,1,leave
297,E09000005,Brent,59.74,40.26,London,0.2541827346430632,0.15442717031548903,0.15724349436735188,11.9,0.14537815126050424,7.5,0.034756171621170256,0.3816195001973704,0,remain
298,E09000006,Bromley,50.65,49.35,London,0.23884723143348266,0.19120772031455138,0.21557394799886306,15.06,0.1859229747675962,5.6,0.015680197068337776,0.07269263565366864,0,remain
299,E09000007,Camden,74.94,25.06,London,0.2683920816079184,0.1501009998990001,0.14178870821129178,15.64,0.21099744245524302,4.0,0.061003938996061005,0.27461367538632464,0,remain
300,E09000008,Croydon,54.29,45.71,London,0.2513407968250415,0.17725742391564098,0.1704331991276124,13.32,0.14714714714714708,4.2,0.01638600428933987,0.18513129675395584,0,remain
301,E09000009,Ealing,60.4,39.6,London,0.2588387362600848,0.1623536291983997,0.15572125417015564,12.98,0.1024653312788906,5.9,0.02984568762709837,0.30958504459242125,0,remain
302,E09000010,Enfield,55.82,44.18,London,0.24602370969333856,0.17076389371214254,0.18201923533862896,12.36,0.19417475728155342,3.5,0.022876235108331294,0.20819274818229339,0,remain
303,E09000011,Greenwich,55.59,44.41,London,0.24794429182427485,0.1577403301259777,0.16874763879236765,12.87,0.23543123543123554,8.1,0.017611693866223885,0.14710615056692303,0,remain
304,E09000012,Hackney,78.48,21.52,London,0.2746371238117777,0.13497416479312113,0.12607482349228888,13.22,0.2239031770045385,5.8,0.02885753165305881,0.29482704216463534,0,remain
305,E09000013,Hammersmith and Fulham,70.02,29.98,London,0.2782464506602438,0.14133815857953788,0.14200384890040063,14.41,0.25329632199861196,4.9,0.059664007939870006,0.2395214291766016,0,remain
306,E09000014,Haringey,75.57,24.43,London,0.2760372643840615,0.14389834970693788,0.13390791059873353,13.16,0.1238601823708206,5.8,0.03820199808782164,0.3054497083235184,0,remain
307,E09000015,Harrow,54.63,45.37,London,0.23393484000116047,0.1839140483719671,0.19032560658369357,13.03,0.26477359938603234,4.7,0.01882851257651803,0.2829740733219221,0,remain
308,E09000016,Havering,30.34,69.66,London,0.2203542506510649,0.19610877243052335,0.226690984980914,14.05,0.11459074733096081,5.2,0.006385787164211052,0.03781527594449003,1,leave
309,E09000017,Hillingdon,43.63,56.37,London,0.2424014221871065,0.173608882085216,0.18246874562767998,12.78,0.2057902973395932,5.8,0.017332905360361472,0.13930520234068294,1,leave
310,E09000018,Hounslow,51.06,48.94,London,0.2547411945879505,0.16464083714402777,0.1545344516603011,12.35,0.15789473684210537,4.4,0.025600331542189214,0.24889211221572846,0,remain
311,E09000019,Islington,75.22,24.78,London,0.2851129427692168,0.14330733744034313,0.13727196709841466,15.33,0.16177429876060004,4.6,0.04478460952120912,0.2139171885754592,0,remain
312,E09000020,Kensington and Chelsea,68.69,31.31,London,0.2800546190197522,0.18145092783115926,0.16638035728893336,21.68,-0.09178966789667889,4.5,0.11225844612664314,0.30857858405854555,0,remain
313,E09000021,Kingston upon Thames,61.61,38.39,London,0.24529275563069944,0.17887868108886218,0.17107684368485737,14.32,0.23324022346368714,4.6,0.03268759378840656,0.1478886150210833,0,remain
314,E09000022,Lambeth,78.62,21.38,London,0.291694374626647,0.1283695697094703,0.12432702531098663,13.82,0.19681620839363234,6.0,0.049476084743151905,0.24100853217316817,0,remain
315,E09000023,Lewisham,69.86,30.14,London,0.2824539413952965,0.14470396349057135,0.14530656189489077,13.06,0.223583460949464,5.9,0.022633596066237615,0.19757594748555773,0,remain
316,E09000024,Merton,62.94,37.06,London,0.26260191157374885,0.16605998680205206,0.1676884432807544,14.73,0.10794297352342158,4.5,0.02814143091299998,0.21428571428571427,0,remain
317,E09000025,Newham,52.84,47.16,London,0.24509719505844824,0.13082893587709263,0.12260805031755989,11.16,0.15591397849462368,9.2,0.016039952273761638,0.35613450270817704,0,remain
318,E09000026,Redbridge,53.97,46.03,London,0.23336476208435478,0.17968864583988098,0.18171265740566137,13.62,0.21512481644640247,8.2,0.01289835941919668,0.21263435791061663,0,remain
319,E09000027,Richmond upon Thames,69.29,30.71,London,0.2728929120608118,0.1934778193634491,0.17660951054631968,17.65,0.12407932011331453,3.9,0.042487016566570925,0.13301418748368005,0,remain
320,E09000028,Southwark,72.81,27.19,London,0.2832651327664927,0.13514738673396878,0.1375364485065301,12.75,0.3105882352941177,7.9,0.033058897519459625,0.24775999934658138,0,remain
321,E09000029,Sutton,46.28,53.72,London,0.24748008544346045,0.17873592630501536,0.1872858350763206,12.78,0.2261345852895149,5.5,0.015609007164790174,0.0878298696097192,1,leave
322,E09000030,Tower Hamlets,67.46,32.54,London,0.23632117324304203,0.11263806308832978,0.12605937605172712,14.49,0.17253278122843327,9.2,0.025134366108125198,0.30849642540258837,0,remain
323,E09000031,Waltham Forest,59.1,40.9,London,0.2572260821375738,0.1529488277510866,0.15539912338956036,12.68,0.13249211356466875,5.4,0.01892452631434316,0.21716489344648968,0,remain
324,E09000032,Wandsworth,75.03,24.97,London,0.2833589369383209,0.12683001766648744,0.13790997772486366,15.61,0.22998078155028828,5.5,0.03947307780935556,0.2078270220447039,0,remain
325,E09000033,Westminster,68.97,31.03,London,0.2714771135112474,0.1628145582118862,0.16407223944485508,16.26,0.24600246002460022,9.1,0.0901172732588286,0.3241838862350099,0,remain
326,S12000005,Clackmannanshire,57.78,42.22,Scotland,0.21308834974452678,0.2102324637092681,0.2533685243460901,9.9,0.3494949494949494,4.3,0.007166785097959598,0.014509525259702907,0,remain
327,S12000006,Dumfries and Galloway,53.06,46.94,Scotland,0.20997782552878905,0.17636599548272383,0.2295504005821657,9.24,0.23917748917748907,5.3,0.011066640121376052,0.03422969456897084,0,remain
328,S12000008,East Ayrshire,58.6,41.4,Scotland,0.2244302171964931,0.20786563565311383,0.21056326968025646,10.34,0.3249516441005802,7.7,0.005127352346110141,0.02712415583455743,0,remain
329,S12000010,East Lothian,64.6,35.4,Scotland,0.23144965345814064,0.2019795993774563,0.20793631243631802,10.94,0.2723948811700183,5.5,0.0055536272127733426,0.027980875815968916,0,remain
330,S12000011,East Renfrewshire,74.32,25.68,Scotland,0.2365700452940547,0.1726724383893862,0.19831752202289668,12.34,0.44732576985413286,4.0,0.020618602660579907,0.05571703698420058,0,remain
331,S12000013,Eilean Siar,55.24,44.76,Scotland,0.2050411289713984,0.20885216210097352,0.25952758282393784,9.35,0.3614973262032087,4.4,0.00498075616934571,0.014300807486227455,0,remain
332,S12000014,Falkirk,56.76,43.24,Scotland,0.23315494762072028,0.19563196065871852,0.20772637422429766,9.95,0.34070351758793976,6.4,0.0051311720423442226,0.01244567500740404,0,remain
333,S12000015,Fife,58.59,41.41,Scotland,0.22408844142873088,0.19869558622781738,0.213791642937478,10.03,0.3320039880358924,7.4,0.00910914663636962,0.021503653102633153,0,remain
334,S12000017,Highland,55.95,44.05,Scotland,0.22030596321931512,0.21440879979321634,0.22258919938347838,9.25,0.3308108108108109,3.6,0.009290904391280623,0.019352460821199152,0,remain
335,S12000018,Inverclyde,63.8,36.2,Scotland,0.2269159056090638,0.19463677066137786,0.21954087146538723,9.87,0.3870314083080041,8.5,0.00703062836240989,0.014037504601973802,0,remain
336,S12000019,Midlothian,62.06,37.94,Scotland,0.23417056868583289,0.20475408013244215,0.2016654106077266,9.29,0.3993541442411196,4.3,0.007363388146921832,0.015715150541752633,0,remain
337,S12000020,Moray,50.13,49.87,Scotland,0.23326432022084195,0.1925235794801012,0.214722797331493,9.1,0.3384615384615385,4.2,0.014400736139866574,0.020554405337014033,0,remain
338,S12000021,North Ayrshire,56.88,43.12,Scotland,0.2217984493840977,0.20202920105730504,0.216916880802845,10.13,0.2230997038499506,10.9,0.006228969863860931,0.012435851182105332,0,remain
339,S12000023,Orkney Islands,63.16,36.84,Scotland,0.2204728500909327,0.21517277214861003,0.22753962068069628,8.23,0.5394896719319562,2.6,0.005455962587685113,0.014341387373343726,0,remain
340,S12000024,Perth and Kinross,61.09,38.91,Scotland,0.21799346419758575,0.20927906097859192,0.24110589926564852,9.8,0.2918367346938775,4.8,0.01053731409643643,0.02532808690690557,0,remain
341,S12000026,Scottish Borders,58.47,41.53,Scotland,0.22387696227192685,0.2083942152785583,0.24691843692630475,9.47,0.2967265047518478,4.4,0.008205012925705295,0.018273950020606198,0,remain
342,S12000027,Shetland Islands,56.51,43.49,Scotland,0.2214844460614881,0.21052392213934873,0.18819356012370383,9.74,0.4147843942505133,7.5,0.006776423503729307,0.0194651628160815,0,remain
343,S12000028,South Ayrshire,58.96,41.04,Scotland,0.2141984174420368,0.20900648545456169,0.249230577089485,12.45,0.1421686746987953,5.8,0.006672792313799656,0.015888025549301053,0,remain
344,S12000029,South Lanarkshire,63.08,36.92,Scotland,0.23383606427191148,0.1970312624083437,0.20481046668607883,10.44,0.31417624521072807,4.6,0.004371045874473886,0.01298078195727559,0,remain
345,S12000030,Stirling,67.72,32.28,Scotland,0.21908783000046397,0.19929940147543265,0.20875284183176357,10.77,0.24512534818941512,5.1,0.012132881733401383,0.027107595230362363,0,remain
346,S12000033,Aberdeen City,61.1,38.9,Scotland,0.23033117265763112,0.1804454920447849,0.1985433117265763,10.94,0.32084095063985374,3.8,0.014986446670595168,0.04405892751915144,0,remain
347,S12000034,Aberdeenshire,55.01,44.99,Scotland,0.23678213610377705,0.21433325546235527,0.1916639852603462,10.39,0.3888354186717997,2.4,0.008207307236270832,0.021307262717579593,0,remain
348,S12000035,Argyll and Bute,60.57,39.43,Scotland,0.21490373031345147,0.20884717324162705,0.24615030775633584,10.13,0.2556762092793682,5.1,0.008553654743390357,0.02291196635489453,0,remain
349,S12000036,City of Edinburgh,74.44,25.56,Scotland,0.22975643238970817,0.20575327079476674,0.1955820870686607,11.92,0.22147651006711414,5.5,0.006302389916176134,0.015516775173159723,0,remain
350,S12000038,Renfrewshire,64.81,35.19,Scotland,0.23910867892657361,0.19673506221546044,0.206754325579781,10.49,0.32507149666348906,5.5,0.005339364945304772,0.015208223663278706,0,remain
351,S12000039,West Dunbartonshire,61.99,38.01,Scotland,0.2312750326629399,0.1903124933067746,0.20726509456188824,9.39,0.34611288604898827,6.9,0.0043693375313242945,0.012165606459765683,0,remain
352,S12000040,West Lothian,58.25,41.75,Scotland,0.25506256536915456,0.19351790012223244,0.16243053542850663,9.72,0.3189300411522633,7.0,0.007384351727005809,0.017950527363685624,0,remain
353,S12000041,Angus,55.26,44.74,Scotland,0.2152490774907749,0.21066420664206642,0.23637453874538744,10.02,0.2834331337325349,6.4,0.0067527675276752765,0.018394833948339483,0,remain
354,S12000042,Dundee City,59.78,40.22,Scotland,0.2272715931301202,0.19864432153699005,0.21513702332931342,9.83,0.2309257375381485,9.3,0.00459100927350605,0.009556285607352269,0,remain
355,S12000044,North Lanarkshire,61.66,38.34,Scotland,0.237427079083182,0.18841861667502421,0.18963020179588683,9.28,0.42456896551724155,7.3,0.0033388669654620374,0.011234415246661912,0,remain
356,S12000045,East Dunbartonshire,71.4,28.6,Scotland,0.2351811562028239,0.19787319065802328,0.22507992185418702,13.12,0.23094512195121947,4.3,0.007448272799928959,0.01921454577746204,0,remain
357,S12000046,Glasgow City,66.59,33.41,Scotland,0.23703642174956607,0.16214401533911665,0.20418122446436823,9.89,0.35692618806875626,8.5,0.008394636154560983,0.039533181395783476,0,remain
358,W06000001,Isle of Anglesey,49.06,50.94,Wales,0.19292522707207949,0.21429319606757546,0.2493228987415643,9.8,0.273469387755102,6.0,0.006284696763381167,0.0123898307620943,1,leave
359,W06000002,Gwynedd,58.05,41.95,Wales,0.18903999383788503,0.1977268642537422,0.24708369350324794,9.27,0.13915857605178003,6.1,0.007180575644240562,0.015507989353234683,0,remain
360,W06000003,Conwy,46.02,53.98,Wales,0.19387568889375525,0.19523522756304976,0.2919997080185408,9.42,0.3365180467091295,6.1,0.008102485492171248,0.01595861162816161,1,leave
361,W06000004,Denbighshire,46.0,54.0,Wales,0.19772202224251867,0.20071992693278892,0.2593133831193252,9.33,0.18649517684887462,5.4,0.006898404341051953,0.015601998603126848,1,leave
362,W06000005,Flintshire,43.63,56.37,Wales,0.2256282218662934,0.2034537060715776,0.20288840733811594,10.71,0.2306255835667599,2.8,0.008701562647213211,0.012180841756733111,1,leave
363,W06000006,Wrexham,40.96,59.04,Wales,0.21690432454310532,0.20151623649553224,0.21059186151499112,9.73,0.2620760534429598,4.4,0.007409944269746878,0.013722407297861079,1,leave
364,W06000008,Ceredigion,54.63,45.37,Wales,0.17860717097449993,0.20530817576493507,0.24248408748215264,9.49,0.1053740779768177,4.4,0.01131556824702099,0.019962370398046464,0,remain
365,W06000009,Pembrokeshire,42.86,57.14,Wales,0.19187600213789419,0.20939096301618315,0.2530250326379336,7.78,0.48586118251928023,5.1,0.010890993682697952,0.01624449097966372,1,leave
366,W06000010,Carmarthenshire,46.25,53.75,Wales,0.19679823191122528,0.20841577857233773,0.2516460119646845,9.07,0.318632855567806,6.0,0.006902257553141019,0.012363893035257634,1,leave
367,W06000011,Swansea,48.49,51.51,Wales,0.20491623414136076,0.19087688814649284,0.2353191432192422,10.0,0.20199999999999996,8.3,0.009462563983143829,0.021970344960389788,1,leave
368,W06000012,Neath Port Talbot,43.16,56.84,Wales,0.21387244548888956,0.1994452211678615,0.2367998334176161,9.66,0.2815734989648034,7.0,0.004722313115388048,0.009868518904125888,1,leave
369,W06000013,Bridgend,45.36,54.64,Wales,0.22298573593998988,0.19566248202417505,0.21913793773562906,10.35,0.23285024154589373,7.1,0.006210890434917797,0.015010299661860158,1,leave
370,W06000014,Vale of Glamorgan,50.73,49.27,Wales,0.21254568621533715,0.20386949669718002,0.21955370016430273,11.33,0.1597528684907326,4.8,0.010688059551352982,0.02215571874056936,0,remain
371,W06000015,Cardiff,60.02,39.98,Wales,0.21688668524625598,0.16500902234463063,0.1866299004758427,10.68,0.23782771535580532,6.9,0.014684643674697809,0.05469735027984005,0,remain
372,W06000016,Rhondda Cynon Taf,46.3,53.7,Wales,0.21136816327938399,0.19207919084614522,0.21302803238684867,9.09,0.33003300330033003,7.0,0.005863433730264803,0.01053262397282126,1,leave
373,W06000018,Caerphilly,42.37,57.63,Wales,0.21723228664633462,0.1949221031270831,0.2030096921289059,9.56,0.28765690376569036,7.0,0.004931600587544759,0.009332287236239006,1,leave
374,W06000019,Blaenau Gwent,37.97,62.03,Wales,0.21340488696049326,0.19313770267184288,0.22174012331582554,8.79,0.20022753128555196,9.6,0.0033255309431377026,0.006622516556291391,1,leave
375,W06000020,Torfaen,40.22,59.78,Wales,0.21391109303015976,0.1981770002968697,0.21793532639171403,10.55,0.15734597156398106,6.7,0.005420620347667374,0.010335462731860713,1,leave
376,W06000021,Monmouthshire,50.44,49.56,Wales,0.21265241208694116,0.21953230841727042,0.2358367202685987,12.21,0.32678132678132665,3.3,0.009212463921776522,0.018766566531189258,0,remain
377,W06000022,Newport,44.01,55.99,Wales,0.21999693455270014,0.18616753399362096,0.2105743334476794,9.67,0.2554291623578077,6.9,0.008977381378137523,0.02908525592835612,1,leave
378,W06000023,Powys,46.26,53.74,Wales,0.19969292622315082,0.21681149785523213,0.25708723111258847,9.26,0.24082073434125276,3.8,0.007534387514443548,0.015385345932855312,1,leave
379,W06000024,Merthyr Tydfil,43.56,56.44,Wales,0.2174130508565406,0.19183294332005502,0.21412622139654525,8.8,0.2681818181818181,8.2,0.0032868294599953554,0.008752969757596327,1,leave
